{
  "rides_t-672": 247793712.90820312,
  "rides_t-671": 5070073.30859375,
  "rides_t-670": 1445026.99609375,
  "rides_t-669": 1634826.298828125,
  "rides_t-668": 0.0,
  "rides_t-667": 0.0,
  "rides_t-666": 27867.30078125,
  "rides_t-665": 0.0,
  "rides_t-664": 69127.701171875,
  "rides_t-663": 0.0,
  "rides_t-662": 30569.80078125,
  "rides_t-661": 0.0,
  "rides_t-660": 0.0,
  "rides_t-659": 0.0,
  "rides_t-658": 0.0,
  "rides_t-657": 0.0,
  "rides_t-656": 0.0,
  "rides_t-655": 0.0,
  "rides_t-654": 53874.5,
  "rides_t-653": 0.0,
  "rides_t-652": 0.0,
  "rides_t-651": 96553.697265625,
  "rides_t-650": 0.0,
  "rides_t-649": 46584.19921875,
  "rides_t-648": 81255.296875,
  "rides_t-647": 265157.39453125,
  "rides_t-646": 89024.0,
  "rides_t-645": 0.0,
  "rides_t-644": 0.0,
  "rides_t-643": 96795.59765625,
  "rides_t-642": 0.0,
  "rides_t-641": 0.0,
  "rides_t-640": 32141.900390625,
  "rides_t-639": 24901.80078125,
  "rides_t-638": 0.0,
  "rides_t-637": 191965.69921875,
  "rides_t-636": 0.0,
  "rides_t-635": 167176.8984375,
  "rides_t-634": 0.0,
  "rides_t-633": 0.0,
  "rides_t-632": 0.0,
  "rides_t-631": 0.0,
  "rides_t-630": 0.0,
  "rides_t-629": 23077.900390625,
  "rides_t-628": 0.0,
  "rides_t-627": 0.0,
  "rides_t-626": 0.0,
  "rides_t-625": 0.0,
  "rides_t-624": 0.0,
  "rides_t-623": 0.0,
  "rides_t-622": 0.0,
  "rides_t-621": 0.0,
  "rides_t-620": 0.0,
  "rides_t-619": 0.0,
  "rides_t-618": 0.0,
  "rides_t-617": 0.0,
  "rides_t-616": 0.0,
  "rides_t-615": 0.0,
  "rides_t-614": 0.0,
  "rides_t-613": 33469.0,
  "rides_t-612": 527743.59375,
  "rides_t-611": 0.0,
  "rides_t-610": 24600.900390625,
  "rides_t-609": 0.0,
  "rides_t-608": 289532.30078125,
  "rides_t-607": 0.0,
  "rides_t-606": 0.0,
  "rides_t-605": 133520.30078125,
  "rides_t-604": 0.0,
  "rides_t-603": 0.0,
  "rides_t-602": 0.0,
  "rides_t-601": 0.0,
  "rides_t-600": 0.0,
  "rides_t-599": 0.0,
  "rides_t-598": 0.0,
  "rides_t-597": 0.0,
  "rides_t-596": 117571.09765625,
  "rides_t-595": 0.0,
  "rides_t-594": 69141.30078125,
  "rides_t-593": 0.0,
  "rides_t-592": 0.0,
  "rides_t-591": 657394.103515625,
  "rides_t-590": 497947.10546875,
  "rides_t-589": 0.0,
  "rides_t-588": 102424.3984375,
  "rides_t-587": 0.0,
  "rides_t-586": 0.0,
  "rides_t-585": 544866.0,
  "rides_t-584": 0.0,
  "rides_t-583": 93431.798828125,
  "rides_t-582": 0.0,
  "rides_t-581": 0.0,
  "rides_t-580": 22393.80078125,
  "rides_t-579": 25316.900390625,
  "rides_t-578": 0.0,
  "rides_t-577": 0.0,
  "rides_t-576": 0.0,
  "rides_t-575": 0.0,
  "rides_t-574": 0.0,
  "rides_t-573": 0.0,
  "rides_t-572": 0.0,
  "rides_t-571": 0.0,
  "rides_t-570": 0.0,
  "rides_t-569": 0.0,
  "rides_t-568": 0.0,
  "rides_t-567": 0.0,
  "rides_t-566": 76017.201171875,
  "rides_t-565": 0.0,
  "rides_t-564": 47261.400390625,
  "rides_t-563": 0.0,
  "rides_t-562": 0.0,
  "rides_t-561": 0.0,
  "rides_t-560": 0.0,
  "rides_t-559": 0.0,
  "rides_t-558": 50564.6015625,
  "rides_t-557": 0.0,
  "rides_t-556": 0.0,
  "rides_t-555": 28733.30078125,
  "rides_t-554": 301210.703125,
  "rides_t-553": 0.0,
  "rides_t-552": 42276.80078125,
  "rides_t-551": 0.0,
  "rides_t-550": 0.0,
  "rides_t-549": 0.0,
  "rides_t-548": 0.0,
  "rides_t-547": 0.0,
  "rides_t-546": 0.0,
  "rides_t-545": 0.0,
  "rides_t-544": 18199.30078125,
  "rides_t-543": 89520.3984375,
  "rides_t-542": 184051.3984375,
  "rides_t-541": 23431.099609375,
  "rides_t-540": 129578.6953125,
  "rides_t-539": 0.0,
  "rides_t-538": 0.0,
  "rides_t-537": 0.0,
  "rides_t-536": 62477.8984375,
  "rides_t-535": 102420.30078125,
  "rides_t-534": 31963.30078125,
  "rides_t-533": 266320.0,
  "rides_t-532": 0.0,
  "rides_t-531": 0.0,
  "rides_t-530": 0.0,
  "rides_t-529": 0.0,
  "rides_t-528": 120394.5,
  "rides_t-527": 50408.1015625,
  "rides_t-526": 0.0,
  "rides_t-525": 0.0,
  "rides_t-524": 34328.0,
  "rides_t-523": 0.0,
  "rides_t-522": 265023.103515625,
  "rides_t-521": 0.0,
  "rides_t-520": 0.0,
  "rides_t-519": 0.0,
  "rides_t-518": 0.0,
  "rides_t-517": 0.0,
  "rides_t-516": 0.0,
  "rides_t-515": 0.0,
  "rides_t-514": 200307.69921875,
  "rides_t-513": 21281.69921875,
  "rides_t-512": 0.0,
  "rides_t-511": 0.0,
  "rides_t-510": 0.0,
  "rides_t-509": 0.0,
  "rides_t-508": 0.0,
  "rides_t-507": 0.0,
  "rides_t-506": 0.0,
  "rides_t-505": 58757.19921875,
  "rides_t-504": 430377332.6855469,
  "rides_t-503": 4190112.203125,
  "rides_t-502": 1644620.2890625,
  "rides_t-501": 0.0,
  "rides_t-500": 0.0,
  "rides_t-499": 0.0,
  "rides_t-498": 102146.90234375,
  "rides_t-497": 0.0,
  "rides_t-496": 42808.19921875,
  "rides_t-495": 0.0,
  "rides_t-494": 0.0,
  "rides_t-493": 0.0,
  "rides_t-492": 48815.69921875,
  "rides_t-491": 566436.998046875,
  "rides_t-490": 0.0,
  "rides_t-489": 0.0,
  "rides_t-488": 0.0,
  "rides_t-487": 80004.798828125,
  "rides_t-486": 0.0,
  "rides_t-485": 0.0,
  "rides_t-484": 229101.3984375,
  "rides_t-483": 0.0,
  "rides_t-482": 0.0,
  "rides_t-481": 0.0,
  "rides_t-480": 117374.1015625,
  "rides_t-479": 465525.205078125,
  "rides_t-478": 174282.19921875,
  "rides_t-477": 0.0,
  "rides_t-476": 95128.798828125,
  "rides_t-475": 0.0,
  "rides_t-474": 0.0,
  "rides_t-473": 0.0,
  "rides_t-472": 0.0,
  "rides_t-471": 23970.0,
  "rides_t-470": 0.0,
  "rides_t-469": 0.0,
  "rides_t-468": 0.0,
  "rides_t-467": 69876.203125,
  "rides_t-466": 0.0,
  "rides_t-465": 0.0,
  "rides_t-464": 0.0,
  "rides_t-463": 0.0,
  "rides_t-462": 0.0,
  "rides_t-461": 0.0,
  "rides_t-460": 0.0,
  "rides_t-459": 0.0,
  "rides_t-458": 48397.0,
  "rides_t-457": 211040.3984375,
  "rides_t-456": 33344.80078125,
  "rides_t-455": 0.0,
  "rides_t-454": 0.0,
  "rides_t-453": 0.0,
  "rides_t-452": 29952.0,
  "rides_t-451": 0.0,
  "rides_t-450": 44360.80078125,
  "rides_t-449": 0.0,
  "rides_t-448": 0.0,
  "rides_t-447": 0.0,
  "rides_t-446": 83514.59765625,
  "rides_t-445": 0.0,
  "rides_t-444": 0.0,
  "rides_t-443": 0.0,
  "rides_t-442": 0.0,
  "rides_t-441": 0.0,
  "rides_t-440": 0.0,
  "rides_t-439": 0.0,
  "rides_t-438": 0.0,
  "rides_t-437": 0.0,
  "rides_t-436": 423485.5,
  "rides_t-435": 0.0,
  "rides_t-434": 0.0,
  "rides_t-433": 398145.296875,
  "rides_t-432": 0.0,
  "rides_t-431": 0.0,
  "rides_t-430": 0.0,
  "rides_t-429": 0.0,
  "rides_t-428": 0.0,
  "rides_t-427": 59562.201171875,
  "rides_t-426": 0.0,
  "rides_t-425": 0.0,
  "rides_t-424": 0.0,
  "rides_t-423": 0.0,
  "rides_t-422": 87707.1015625,
  "rides_t-421": 0.0,
  "rides_t-420": 0.0,
  "rides_t-419": 351465.0,
  "rides_t-418": 0.0,
  "rides_t-417": 0.0,
  "rides_t-416": 0.0,
  "rides_t-415": 262929.49609375,
  "rides_t-414": 149121.5,
  "rides_t-413": 0.0,
  "rides_t-412": 0.0,
  "rides_t-411": 0.0,
  "rides_t-410": 0.0,
  "rides_t-409": 1544416.09765625,
  "rides_t-408": 83560.099609375,
  "rides_t-407": 0.0,
  "rides_t-406": 0.0,
  "rides_t-405": 0.0,
  "rides_t-404": 0.0,
  "rides_t-403": 0.0,
  "rides_t-402": 42965.6015625,
  "rides_t-401": 0.0,
  "rides_t-400": 0.0,
  "rides_t-399": 26022.0,
  "rides_t-398": 0.0,
  "rides_t-397": 0.0,
  "rides_t-396": 0.0,
  "rides_t-395": 0.0,
  "rides_t-394": 0.0,
  "rides_t-393": 0.0,
  "rides_t-392": 0.0,
  "rides_t-391": 0.0,
  "rides_t-390": 0.0,
  "rides_t-389": 32287.599609375,
  "rides_t-388": 0.0,
  "rides_t-387": 70217.19921875,
  "rides_t-386": 0.0,
  "rides_t-385": 0.0,
  "rides_t-384": 56902.80078125,
  "rides_t-383": 0.0,
  "rides_t-382": 0.0,
  "rides_t-381": 0.0,
  "rides_t-380": 0.0,
  "rides_t-379": 0.0,
  "rides_t-378": 0.0,
  "rides_t-377": 0.0,
  "rides_t-376": 0.0,
  "rides_t-375": 0.0,
  "rides_t-374": 0.0,
  "rides_t-373": 0.0,
  "rides_t-372": 0.0,
  "rides_t-371": 33507.19921875,
  "rides_t-370": 133000.80078125,
  "rides_t-369": 0.0,
  "rides_t-368": 0.0,
  "rides_t-367": 0.0,
  "rides_t-366": 0.0,
  "rides_t-365": 0.0,
  "rides_t-364": 0.0,
  "rides_t-363": 33188.6015625,
  "rides_t-362": 0.0,
  "rides_t-361": 0.0,
  "rides_t-360": 0.0,
  "rides_t-359": 0.0,
  "rides_t-358": 167544.203125,
  "rides_t-357": 0.0,
  "rides_t-356": 0.0,
  "rides_t-355": 0.0,
  "rides_t-354": 0.0,